statefip,state,description,linecode,long_descript,unit, value
1,Alabama,real_gdp,1, Real GDP (millions of chained 2017 dollars) 1/,Millions of chained 2017 dollars,248313.7
1,Alabama,real_personal_income,2, Real personal income (millions of constant (2017) dollars) 2/,Millions of constant 2017 dollars,255620.7
1,Alabama,real_pce,3, Real PCE (millions of constant (2017) dollars) 3/,Millions of constant 2017 dollars,209835.3
1,Alabama,gdp_nominal,4, Gross domestic product (GDP) ,Millions of current dollars,309543.8
1,Alabama,personal_income_nominal,5, Personal income ,Millions of current dollars,279484.6
1,Alabama,disposable_income,6, Disposable personal income ,Millions of current dollars,253546.6
1,Alabama,pce_nominal,7, Personal consumption expenditures ,Millions of current dollars,230469.1
1,Alabama,real_pc_income,8, Real per capita personal income 4/,Constant 2017 dollars,50039
1,Alabama,real_pc_pce,9, Real per capita PCE 5/,Constant 2017 dollars,41076
1,Alabama,pc_income,10, Per capita personal income 6/,Dollars,54612
1,Alabama,pc_disposable_income,11, Per capita disposable personal income 7/,Dollars,49543
1,Alabama,pc_pce,12, Per capita personal consumption expenditures (PCE) 8/,Dollars,45034
1,Alabama,rpp,13, Regional price parities (RPPs) 9/,Index,89.97
1,Alabama,price_deflator,14, Implicit regional price deflator 10/,Index,108.406
1,Alabama,total_employment,15, Total employment (number of jobs) ,Number of jobs,2931413
2,Alaska,real_gdp,1, Real GDP (millions of chained 2017 dollars) 1/,Millions of chained 2017 dollars,54183.8
2,Alaska,real_personal_income,2, Real personal income (millions of constant (2017) dollars) 2/,Millions of constant 2017 dollars,42881.9
2,Alaska,real_pce,3, Real PCE (millions of constant (2017) dollars) 3/,Millions of constant 2017 dollars,37640.6
2,Alaska,gdp_nominal,4, Gross domestic product (GDP) ,Millions of current dollars,68232.7
2,Alaska,personal_income_nominal,5, Personal income ,Millions of current dollars,53322
2,Alaska,disposable_income,6, Disposable personal income ,Millions of current dollars,49095.2
2,Alaska,pce_nominal,7, Personal consumption expenditures ,Millions of current dollars,46417.7
2,Alaska,real_pc_income,8, Real per capita personal income 4/,Constant 2017 dollars,58470
2,Alaska,real_pc_pce,9, Real per capita PCE 5/,Constant 2017 dollars,51323
2,Alaska,pc_income,10, Per capita personal income 6/,Dollars,72398
2,Alaska,pc_disposable_income,11, Per capita disposable personal income 7/,Dollars,66659
2,Alaska,pc_pce,12, Per capita personal consumption expenditures (PCE) 8/,Dollars,63024
2,Alaska,rpp,13, Regional price parities (RPPs) 9/,Index,101.715
2,Alaska,price_deflator,14, Implicit regional price deflator 10/,Index,122.557
2,Alaska,total_employment,15, Total employment (number of jobs) ,Number of jobs,467104
4,Arizona,real_gdp,1, Real GDP (millions of chained 2017 dollars) 1/,Millions of chained 2017 dollars,427644
4,Arizona,real_personal_income,2, Real personal income (millions of constant (2017) dollars) 2/,Millions of constant 2017 dollars,381769.1
4,Arizona,real_pce,3, Real PCE (millions of constant (2017) dollars) 3/,Millions of constant 2017 dollars,328923
4,Arizona,gdp_nominal,4, Gross domestic product (GDP) ,Millions of current dollars,530105
4,Arizona,personal_income_nominal,5, Personal income ,Millions of current dollars,471040.2
4,Arizona,disposable_income,6, Disposable personal income ,Millions of current dollars,424244
4,Arizona,pce_nominal,7, Personal consumption expenditures ,Millions of current dollars,399443.7
4,Arizona,real_pc_income,8, Real per capita personal income 4/,Constant 2017 dollars,51373
4,Arizona,real_pc_pce,9, Real per capita PCE 5/,Constant 2017 dollars,44262
4,Arizona,pc_income,10, Per capita personal income 6/,Dollars,63032
4,Arizona,pc_disposable_income,11, Per capita disposable personal income 7/,Dollars,56770
4,Arizona,pc_pce,12, Per capita personal consumption expenditures (PCE) 8/,Dollars,53451
4,Arizona,rpp,13, Regional price parities (RPPs) 9/,Index,101.105
4,Arizona,price_deflator,14, Implicit regional price deflator 10/,Index,121.823
4,Arizona,total_employment,15, Total employment (number of jobs) ,Number of jobs,4404247
5,Arkansas,real_gdp,1, Real GDP (millions of chained 2017 dollars) 1/,Millions of chained 2017 dollars,141968
5,Arkansas,real_personal_income,2, Real personal income (millions of constant (2017) dollars) 2/,Millions of constant 2017 dollars,169738.3
5,Arkansas,real_pce,3, Real PCE (millions of constant (2017) dollars) 3/,Millions of constant 2017 dollars,130245.1
5,Arkansas,gdp_nominal,4, Gross domestic product (GDP) ,Millions of current dollars,178114.8
5,Arkansas,personal_income_nominal,5, Personal income ,Millions of current dollars,173568.3
5,Arkansas,disposable_income,6, Disposable personal income ,Millions of current dollars,158225.2
5,Arkansas,pce_nominal,7, Personal consumption expenditures ,Millions of current dollars,136285.7
5,Arkansas,real_pc_income,8, Real per capita personal income 4/,Constant 2017 dollars,55330
5,Arkansas,real_pc_pce,9, Real per capita PCE 5/,Constant 2017 dollars,42456
5,Arkansas,pc_income,10, Per capita personal income 6/,Dollars,56547
5,Arkansas,pc_disposable_income,11, Per capita disposable personal income 7/,Dollars,51548
5,Arkansas,pc_pce,12, Per capita personal consumption expenditures (PCE) 8/,Dollars,44401
5,Arkansas,rpp,13, Regional price parities (RPPs) 9/,Index,86.508
5,Arkansas,price_deflator,14, Implicit regional price deflator 10/,Index,104.235
5,Arkansas,total_employment,15, Total employment (number of jobs) ,Number of jobs,1789021
6,California,real_gdp,1, Real GDP (millions of chained 2017 dollars) 1/,Millions of chained 2017 dollars,3204016.4
6,California,real_personal_income,2, Real personal income (millions of constant (2017) dollars) 2/,Millions of constant 2017 dollars,2335587.4
6,California,real_pce,3, Real PCE (millions of constant (2017) dollars) 3/,Millions of constant 2017 dollars,1862351.9
6,California,gdp_nominal,4, Gross domestic product (GDP) ,Millions of current dollars,3827007.3
6,California,personal_income_nominal,5, Personal income ,Millions of current dollars,3182779.3
6,California,disposable_income,6, Disposable personal income ,Millions of current dollars,2725739.6
6,California,pce_nominal,7, Personal consumption expenditures ,Millions of current dollars,2523160.2
6,California,real_pc_income,8, Real per capita personal income 4/,Constant 2017 dollars,59940
6,California,real_pc_pce,9, Real per capita PCE 5/,Constant 2017 dollars,47795
6,California,pc_income,10, Per capita personal income 6/,Dollars,81196
6,California,pc_disposable_income,11, Per capita disposable personal income 7/,Dollars,69536
6,California,pc_pce,12, Per capita personal consumption expenditures (PCE) 8/,Dollars,64368
6,California,rpp,13, Regional price parities (RPPs) 9/,Index,112.581
6,California,price_deflator,14, Implicit regional price deflator 10/,Index,135.651
6,California,total_employment,15, Total employment (number of jobs) ,Number of jobs,25260641
8,Colorado,real_gdp,1, Real GDP (millions of chained 2017 dollars) 1/,Millions of chained 2017 dollars,440225.2
8,Colorado,real_personal_income,2, Real personal income (millions of constant (2017) dollars) 2/,Millions of constant 2017 dollars,385503.9
8,Colorado,real_pce,3, Real PCE (millions of constant (2017) dollars) 3/,Millions of constant 2017 dollars,306884.9
8,Colorado,gdp_nominal,4, Gross domestic product (GDP) ,Millions of current dollars,533268.6
8,Colorado,personal_income_nominal,5, Personal income ,Millions of current dollars,473104.6
8,Colorado,disposable_income,6, Disposable personal income ,Millions of current dollars,417802
8,Colorado,pce_nominal,7, Personal consumption expenditures ,Millions of current dollars,374380.5
8,Colorado,real_pc_income,8, Real per capita personal income 4/,Constant 2017 dollars,65589
8,Colorado,real_pc_pce,9, Real per capita PCE 5/,Constant 2017 dollars,52213
8,Colorado,pc_income,10, Per capita personal income 6/,Dollars,80169
8,Colorado,pc_disposable_income,11, Per capita disposable personal income 7/,Dollars,70798
8,Colorado,pc_pce,12, Per capita personal consumption expenditures (PCE) 8/,Dollars,63440
8,Colorado,rpp,13, Regional price parities (RPPs) 9/,Index,101.382
8,Colorado,price_deflator,14, Implicit regional price deflator 10/,Index,122.157
8,Colorado,total_employment,15, Total employment (number of jobs) ,Number of jobs,4250108
9,Connecticut,real_gdp,1, Real GDP (millions of chained 2017 dollars) 1/,Millions of chained 2017 dollars,283228.5
9,Connecticut,real_personal_income,2, Real personal income (millions of constant (2017) dollars) 2/,Millions of constant 2017 dollars,260582.5
9,Connecticut,real_pce,3, Real PCE (millions of constant (2017) dollars) 3/,Millions of constant 2017 dollars,188560.7
9,Connecticut,gdp_nominal,4, Gross domestic product (GDP) ,Millions of current dollars,341851.8
9,Connecticut,personal_income_nominal,5, Personal income ,Millions of current dollars,328729.9
9,Connecticut,disposable_income,6, Disposable personal income ,Millions of current dollars,278436.2
9,Connecticut,pce_nominal,7, Personal consumption expenditures ,Millions of current dollars,233572.6
9,Connecticut,real_pc_income,8, Real per capita personal income 4/,Constant 2017 dollars,72040
9,Connecticut,real_pc_pce,9, Real per capita PCE 5/,Constant 2017 dollars,52129
9,Connecticut,pc_income,10, Per capita personal income 6/,Dollars,90235
9,Connecticut,pc_disposable_income,11, Per capita disposable personal income 7/,Dollars,76430
9,Connecticut,pc_pce,12, Per capita personal consumption expenditures (PCE) 8/,Dollars,64115
9,Connecticut,rpp,13, Regional price parities (RPPs) 9/,Index,103.689
9,Connecticut,price_deflator,14, Implicit regional price deflator 10/,Index,124.936
9,Connecticut,total_employment,15, Total employment (number of jobs) ,Number of jobs,2420056
10,Delaware,real_gdp,1, Real GDP (millions of chained 2017 dollars) 1/,Millions of chained 2017 dollars,82090.9
10,Delaware,real_personal_income,2, Real personal income (millions of constant (2017) dollars) 2/,Millions of constant 2017 dollars,57719.5
10,Delaware,real_pce,3, Real PCE (millions of constant (2017) dollars) 3/,Millions of constant 2017 dollars,49762.5
10,Delaware,gdp_nominal,4, Gross domestic product (GDP) ,Millions of current dollars,103332.5
10,Delaware,personal_income_nominal,5, Personal income ,Millions of current dollars,66943.8
10,Delaware,disposable_income,6, Disposable personal income ,Millions of current dollars,58562.7
10,Delaware,pce_nominal,7, Personal consumption expenditures ,Millions of current dollars,59796.3
10,Delaware,real_pc_income,8, Real per capita personal income 4/,Constant 2017 dollars,55936
10,Delaware,real_pc_pce,9, Real per capita PCE 5/,Constant 2017 dollars,48225
10,Delaware,pc_income,10, Per capita personal income 6/,Dollars,64591
10,Delaware,pc_disposable_income,11, Per capita disposable personal income 7/,Dollars,56505
10,Delaware,pc_pce,12, Per capita personal consumption expenditures (PCE) 8/,Dollars,57695
10,Delaware,rpp,13, Regional price parities (RPPs) 9/,Index,99.253
10,Delaware,price_deflator,14, Implicit regional price deflator 10/,Index,119.591
10,Delaware,total_employment,15, Total employment (number of jobs) ,Number of jobs,669568
11,District of Columbia,real_gdp,1, Real GDP (millions of chained 2017 dollars) 1/,Millions of chained 2017 dollars,143179.2
11,District of Columbia,real_personal_income,2, Real personal income (millions of constant (2017) dollars) 2/,Millions of constant 2017 dollars,54358.6
11,District of Columbia,real_pce,3, Real PCE (millions of constant (2017) dollars) 3/,Millions of constant 2017 dollars,46806.3
11,District of Columbia,gdp_nominal,4, Gross domestic product (GDP) ,Millions of current dollars,174250.7
11,District of Columbia,personal_income_nominal,5, Personal income ,Millions of current dollars,73296.2
11,District of Columbia,disposable_income,6, Disposable personal income ,Millions of current dollars,60795.8
11,District of Columbia,pce_nominal,7, Personal consumption expenditures ,Millions of current dollars,61756.1
11,District of Columbia,real_pc_income,8, Real per capita personal income 4/,Constant 2017 dollars,80060
11,District of Columbia,real_pc_pce,9, Real per capita PCE 5/,Constant 2017 dollars,68937
11,District of Columbia,pc_income,10, Per capita personal income 6/,Dollars,106640
11,District of Columbia,pc_disposable_income,11, Per capita disposable personal income 7/,Dollars,88453
11,District of Columbia,pc_pce,12, Per capita personal consumption expenditures (PCE) 8/,Dollars,89850
11,District of Columbia,rpp,13, Regional price parities (RPPs) 9/,Index,110.804
11,District of Columbia,price_deflator,14, Implicit regional price deflator 10/,Index,133.509
11,District of Columbia,total_employment,15, Total employment (number of jobs) ,Number of jobs,908658
12,Florida,real_gdp,1, Real GDP (millions of chained 2017 dollars) 1/,Millions of chained 2017 dollars,1309392.2
12,Florida,real_personal_income,2, Real personal income (millions of constant (2017) dollars) 2/,Millions of constant 2017 dollars,1247046.8
12,Florida,real_pce,3, Real PCE (millions of constant (2017) dollars) 3/,Millions of constant 2017 dollars,1092049.3
12,Florida,gdp_nominal,4, Gross domestic product (GDP) ,Millions of current dollars,1624642.3
12,Florida,personal_income_nominal,5, Personal income ,Millions of current dollars,1604650.3
12,Florida,disposable_income,6, Disposable personal income ,Millions of current dollars,1408493
12,Florida,pce_nominal,7, Personal consumption expenditures ,Millions of current dollars,1368161.5
12,Florida,real_pc_income,8, Real per capita personal income 4/,Constant 2017 dollars,55153
12,Florida,real_pc_pce,9, Real per capita PCE 5/,Constant 2017 dollars,48298
12,Florida,pc_income,10, Per capita personal income 6/,Dollars,70057
12,Florida,pc_disposable_income,11, Per capita disposable personal income 7/,Dollars,61493
12,Florida,pc_pce,12, Per capita personal consumption expenditures (PCE) 8/,Dollars,59732
12,Florida,rpp,13, Regional price parities (RPPs) 9/,Index,103.452
12,Florida,price_deflator,14, Implicit regional price deflator 10/,Index,124.651
12,Florida,total_employment,15, Total employment (number of jobs) ,Number of jobs,14959611
13,Georgia,real_gdp,1, Real GDP (millions of chained 2017 dollars) 1/,Millions of chained 2017 dollars,679447.2
13,Georgia,real_personal_income,2, Real personal income (millions of constant (2017) dollars) 2/,Millions of constant 2017 dollars,567218.6
13,Georgia,real_pce,3, Real PCE (millions of constant (2017) dollars) 3/,Millions of constant 2017 dollars,475973.8
13,Georgia,gdp_nominal,4, Gross domestic product (GDP) ,Millions of current dollars,835755.3
13,Georgia,personal_income_nominal,5, Personal income ,Millions of current dollars,663930.9
13,Georgia,disposable_income,6, Disposable personal income ,Millions of current dollars,587425.9
13,Georgia,pce_nominal,7, Personal consumption expenditures ,Millions of current dollars,556786.8
13,Georgia,real_pc_income,8, Real per capita personal income 4/,Constant 2017 dollars,51429
13,Georgia,real_pc_pce,9, Real per capita PCE 5/,Constant 2017 dollars,43156
13,Georgia,pc_income,10, Per capita personal income 6/,Dollars,60006
13,Georgia,pc_disposable_income,11, Per capita disposable personal income 7/,Dollars,53091
13,Georgia,pc_pce,12, Per capita personal consumption expenditures (PCE) 8/,Dollars,50322
13,Georgia,rpp,13, Regional price parities (RPPs) 9/,Index,96.699
13,Georgia,price_deflator,14, Implicit regional price deflator 10/,Index,116.513
13,Georgia,total_employment,15, Total employment (number of jobs) ,Number of jobs,7094400
15,Hawaii,real_gdp,1, Real GDP (millions of chained 2017 dollars) 1/,Millions of chained 2017 dollars,89642.2
15,Hawaii,real_personal_income,2, Real personal income (millions of constant (2017) dollars) 2/,Millions of constant 2017 dollars,72620.2
15,Hawaii,real_pce,3, Real PCE (millions of constant (2017) dollars) 3/,Millions of constant 2017 dollars,63732.9
15,Hawaii,gdp_nominal,4, Gross domestic product (GDP) ,Millions of current dollars,111740.2
15,Hawaii,personal_income_nominal,5, Personal income ,Millions of current dollars,96961.4
15,Hawaii,disposable_income,6, Disposable personal income ,Millions of current dollars,85588.4
15,Hawaii,pce_nominal,7, Personal consumption expenditures ,Millions of current dollars,83283.1
15,Hawaii,real_pc_income,8, Real per capita personal income 4/,Constant 2017 dollars,50602
15,Hawaii,real_pc_pce,9, Real per capita PCE 5/,Constant 2017 dollars,44409
15,Hawaii,pc_income,10, Per capita personal income 6/,Dollars,67269
15,Hawaii,pc_disposable_income,11, Per capita disposable personal income 7/,Dollars,59379
15,Hawaii,pc_pce,12, Per capita personal consumption expenditures (PCE) 8/,Dollars,57780
15,Hawaii,rpp,13, Regional price parities (RPPs) 9/,Index,108.609
15,Hawaii,price_deflator,14, Implicit regional price deflator 10/,Index,130.864
15,Hawaii,total_employment,15, Total employment (number of jobs) ,Number of jobs,918356
16,Idaho,real_gdp,1, Real GDP (millions of chained 2017 dollars) 1/,Millions of chained 2017 dollars,95286.5
16,Idaho,real_personal_income,2, Real personal income (millions of constant (2017) dollars) 2/,Millions of constant 2017 dollars,105985
16,Idaho,real_pce,3, Real PCE (millions of constant (2017) dollars) 3/,Millions of constant 2017 dollars,82523.6
16,Idaho,gdp_nominal,4, Gross domestic product (GDP) ,Millions of current dollars,120588.1
16,Idaho,personal_income_nominal,5, Personal income ,Millions of current dollars,116692.4
16,Idaho,disposable_income,6, Disposable personal income ,Millions of current dollars,104396
16,Idaho,pce_nominal,7, Personal consumption expenditures ,Millions of current dollars,90395.4
16,Idaho,real_pc_income,8, Real per capita personal income 4/,Constant 2017 dollars,53944
16,Idaho,real_pc_pce,9, Real per capita PCE 5/,Constant 2017 dollars,42003
16,Idaho,pc_income,10, Per capita personal income 6/,Dollars,59201
16,Idaho,pc_disposable_income,11, Per capita disposable personal income 7/,Dollars,52963
16,Idaho,pc_pce,12, Per capita personal consumption expenditures (PCE) 8/,Dollars,45860
16,Idaho,rpp,13, Regional price parities (RPPs) 9/,Index,91.425
16,Idaho,price_deflator,14, Implicit regional price deflator 10/,Index,110.16
16,Idaho,total_employment,15, Total employment (number of jobs) ,Number of jobs,1217054
17,Illinois,real_gdp,1, Real GDP (millions of chained 2017 dollars) 1/,Millions of chained 2017 dollars,884965.3
17,Illinois,real_personal_income,2, Real personal income (millions of constant (2017) dollars) 2/,Millions of constant 2017 dollars,761677.4
17,Illinois,real_pce,3, Real PCE (millions of constant (2017) dollars) 3/,Millions of constant 2017 dollars,614597.2
17,Illinois,gdp_nominal,4, Gross domestic product (GDP) ,Millions of current dollars,1100794.1
17,Illinois,personal_income_nominal,5, Personal income ,Millions of current dollars,907225.7
17,Illinois,disposable_income,6, Disposable personal income ,Millions of current dollars,791156.7
17,Illinois,pce_nominal,7, Personal consumption expenditures ,Millions of current dollars,731239.9
17,Illinois,real_pc_income,8, Real per capita personal income 4/,Constant 2017 dollars,60693
17,Illinois,real_pc_pce,9, Real per capita PCE 5/,Constant 2017 dollars,48973
17,Illinois,pc_income,10, Per capita personal income 6/,Dollars,71761
17,Illinois,pc_disposable_income,11, Per capita disposable personal income 7/,Dollars,62580
17,Illinois,pc_pce,12, Per capita personal consumption expenditures (PCE) 8/,Dollars,57841
17,Illinois,rpp,13, Regional price parities (RPPs) 9/,Index,98.855
17,Illinois,price_deflator,14, Implicit regional price deflator 10/,Index,119.112
17,Illinois,total_employment,15, Total employment (number of jobs) ,Number of jobs,8170725
18,Indiana,real_gdp,1, Real GDP (millions of chained 2017 dollars) 1/,Millions of chained 2017 dollars,400369.5
18,Indiana,real_personal_income,2, Real personal income (millions of constant (2017) dollars) 2/,Millions of constant 2017 dollars,378613.4
18,Indiana,real_pce,3, Real PCE (millions of constant (2017) dollars) 3/,Millions of constant 2017 dollars,305980.2
18,Indiana,gdp_nominal,4, Gross domestic product (GDP) ,Millions of current dollars,496849.5
18,Indiana,personal_income_nominal,5, Personal income ,Millions of current dollars,422345.3
18,Indiana,disposable_income,6, Disposable personal income ,Millions of current dollars,380731.6
18,Indiana,pce_nominal,7, Personal consumption expenditures ,Millions of current dollars,340437.9
18,Indiana,real_pc_income,8, Real per capita personal income 4/,Constant 2017 dollars,55174
18,Indiana,real_pc_pce,9, Real per capita PCE 5/,Constant 2017 dollars,44589
18,Indiana,pc_income,10, Per capita personal income 6/,Dollars,61386
18,Indiana,pc_disposable_income,11, Per capita disposable personal income 7/,Dollars,55338
18,Indiana,pc_pce,12, Per capita personal consumption expenditures (PCE) 8/,Dollars,49481
18,Indiana,rpp,13, Regional price parities (RPPs) 9/,Index,92.184
18,Indiana,price_deflator,14, Implicit regional price deflator 10/,Index,111.073
18,Indiana,total_employment,15, Total employment (number of jobs) ,Number of jobs,4193182
19,Iowa,real_gdp,1, Real GDP (millions of chained 2017 dollars) 1/,Millions of chained 2017 dollars,201359.8
19,Iowa,real_personal_income,2, Real personal income (millions of constant (2017) dollars) 2/,Millions of constant 2017 dollars,188363.2
19,Iowa,real_pce,3, Real PCE (millions of constant (2017) dollars) 3/,Millions of constant 2017 dollars,143422.7
19,Iowa,gdp_nominal,4, Gross domestic product (GDP) ,Millions of current dollars,253166.5
19,Iowa,personal_income_nominal,5, Personal income ,Millions of current dollars,201755.9
19,Iowa,disposable_income,6, Disposable personal income ,Millions of current dollars,181246.3
19,Iowa,pce_nominal,7, Personal consumption expenditures ,Millions of current dollars,153585.7
19,Iowa,real_pc_income,8, Real per capita personal income 4/,Constant 2017 dollars,58735
19,Iowa,real_pc_pce,9, Real per capita PCE 5/,Constant 2017 dollars,44722
19,Iowa,pc_income,10, Per capita personal income 6/,Dollars,62688
19,Iowa,pc_disposable_income,11, Per capita disposable personal income 7/,Dollars,56315
19,Iowa,pc_pce,12, Per capita personal consumption expenditures (PCE) 8/,Dollars,47721
19,Iowa,rpp,13, Regional price parities (RPPs) 9/,Index,88.767
19,Iowa,price_deflator,14, Implicit regional price deflator 10/,Index,106.956
19,Iowa,total_employment,15, Total employment (number of jobs) ,Number of jobs,2124703
20,Kansas,real_gdp,1, Real GDP (millions of chained 2017 dollars) 1/,Millions of chained 2017 dollars,180267.5
20,Kansas,real_personal_income,2, Real personal income (millions of constant (2017) dollars) 2/,Millions of constant 2017 dollars,179467.7
20,Kansas,real_pce,3, Real PCE (millions of constant (2017) dollars) 3/,Millions of constant 2017 dollars,133865.8
20,Kansas,gdp_nominal,4, Gross domestic product (GDP) ,Millions of current dollars,224851.3
20,Kansas,personal_income_nominal,5, Personal income ,Millions of current dollars,187457.3
20,Kansas,disposable_income,6, Disposable personal income ,Millions of current dollars,167296.5
20,Kansas,pce_nominal,7, Personal consumption expenditures ,Millions of current dollars,144840.9
20,Kansas,real_pc_income,8, Real per capita personal income 4/,Constant 2017 dollars,61032
20,Kansas,real_pc_pce,9, Real per capita PCE 5/,Constant 2017 dollars,45524
20,Kansas,pc_income,10, Per capita personal income 6/,Dollars,63513
20,Kansas,pc_disposable_income,11, Per capita disposable personal income 7/,Dollars,56682
20,Kansas,pc_pce,12, Per capita personal consumption expenditures (PCE) 8/,Dollars,49074
20,Kansas,rpp,13, Regional price parities (RPPs) 9/,Index,89.965
20,Kansas,price_deflator,14, Implicit regional price deflator 10/,Index,108.4
20,Kansas,total_employment,15, Total employment (number of jobs) ,Number of jobs,1998458
21,Kentucky,real_gdp,1, Real GDP (millions of chained 2017 dollars) 1/,Millions of chained 2017 dollars,226942.4
21,Kentucky,real_personal_income,2, Real personal income (millions of constant (2017) dollars) 2/,Millions of constant 2017 dollars,230020.2
21,Kentucky,real_pce,3, Real PCE (millions of constant (2017) dollars) 3/,Millions of constant 2017 dollars,196283.3
21,Kentucky,gdp_nominal,4, Gross domestic product (GDP) ,Millions of current dollars,283267.7
21,Kentucky,personal_income_nominal,5, Personal income ,Millions of current dollars,253319.5
21,Kentucky,disposable_income,6, Disposable personal income ,Millions of current dollars,228408.7
21,Kentucky,pce_nominal,7, Personal consumption expenditures ,Millions of current dollars,214679.6
21,Kentucky,real_pc_income,8, Real per capita personal income 4/,Constant 2017 dollars,50820
21,Kentucky,real_pc_pce,9, Real per capita PCE 5/,Constant 2017 dollars,43366
21,Kentucky,pc_income,10, Per capita personal income 6/,Dollars,55667
21,Kentucky,pc_disposable_income,11, Per capita disposable personal income 7/,Dollars,50193
21,Kentucky,pc_pce,12, Per capita personal consumption expenditures (PCE) 8/,Dollars,47176
21,Kentucky,rpp,13, Regional price parities (RPPs) 9/,Index,90.468
21,Kentucky,price_deflator,14, Implicit regional price deflator 10/,Index,109.006
21,Kentucky,total_employment,15, Total employment (number of jobs) ,Number of jobs,2707348
22,Louisiana,real_gdp,1, Real GDP (millions of chained 2017 dollars) 1/,Millions of chained 2017 dollars,248949.4
22,Louisiana,real_personal_income,2, Real personal income (millions of constant (2017) dollars) 2/,Millions of constant 2017 dollars,253006
22,Louisiana,real_pce,3, Real PCE (millions of constant (2017) dollars) 3/,Millions of constant 2017 dollars,208069.2
22,Louisiana,gdp_nominal,4, Gross domestic product (GDP) ,Millions of current dollars,318044.3
22,Louisiana,personal_income_nominal,5, Personal income ,Millions of current dollars,270677.4
22,Louisiana,disposable_income,6, Disposable personal income ,Millions of current dollars,246971.4
22,Louisiana,pce_nominal,7, Personal consumption expenditures ,Millions of current dollars,221909.4
22,Louisiana,real_pc_income,8, Real per capita personal income 4/,Constant 2017 dollars,55317
22,Louisiana,real_pc_pce,9, Real per capita PCE 5/,Constant 2017 dollars,45492
22,Louisiana,pc_income,10, Per capita personal income 6/,Dollars,58996
22,Louisiana,pc_disposable_income,11, Per capita disposable personal income 7/,Dollars,53829
22,Louisiana,pc_pce,12, Per capita personal consumption expenditures (PCE) 8/,Dollars,48367
22,Louisiana,rpp,13, Regional price parities (RPPs) 9/,Index,88.345
22,Louisiana,price_deflator,14, Implicit regional price deflator 10/,Index,106.448
22,Louisiana,total_employment,15, Total employment (number of jobs) ,Number of jobs,2801413
23,Maine,real_gdp,1, Real GDP (millions of chained 2017 dollars) 1/,Millions of chained 2017 dollars,75514
23,Maine,real_personal_income,2, Real personal income (millions of constant (2017) dollars) 2/,Millions of constant 2017 dollars,77721.3
23,Maine,real_pce,3, Real PCE (millions of constant (2017) dollars) 3/,Millions of constant 2017 dollars,71878.3
23,Maine,gdp_nominal,4, Gross domestic product (GDP) ,Millions of current dollars,93743.8
23,Maine,personal_income_nominal,5, Personal income ,Millions of current dollars,91602.3
23,Maine,disposable_income,6, Disposable personal income ,Millions of current dollars,81951.8
23,Maine,pce_nominal,7, Personal consumption expenditures ,Millions of current dollars,83558.4
23,Maine,real_pc_income,8, Real per capita personal income 4/,Constant 2017 dollars,55685
23,Maine,real_pc_pce,9, Real per capita PCE 5/,Constant 2017 dollars,51499
23,Maine,pc_income,10, Per capita personal income 6/,Dollars,65447
23,Maine,pc_disposable_income,11, Per capita disposable personal income 7/,Dollars,58552
23,Maine,pc_pce,12, Per capita personal consumption expenditures (PCE) 8/,Dollars,59700
23,Maine,rpp,13, Regional price parities (RPPs) 9/,Index,97.097
23,Maine,price_deflator,14, Implicit regional price deflator 10/,Index,116.993
23,Maine,total_employment,15, Total employment (number of jobs) ,Number of jobs,893054
24,Maryland,real_gdp,1, Real GDP (millions of chained 2017 dollars) 1/,Millions of chained 2017 dollars,420558
24,Maryland,real_personal_income,2, Real personal income (millions of constant (2017) dollars) 2/,Millions of constant 2017 dollars,372195.1
24,Maryland,real_pce,3, Real PCE (millions of constant (2017) dollars) 3/,Millions of constant 2017 dollars,276538.1
24,Maryland,gdp_nominal,4, Gross domestic product (GDP) ,Millions of current dollars,515035.9
24,Maryland,personal_income_nominal,5, Personal income ,Millions of current dollars,469239.6
24,Maryland,disposable_income,6, Disposable personal income ,Millions of current dollars,406235.8
24,Maryland,pce_nominal,7, Personal consumption expenditures ,Millions of current dollars,346214.2
24,Maryland,real_pc_income,8, Real per capita personal income 4/,Constant 2017 dollars,60223
24,Maryland,real_pc_pce,9, Real per capita PCE 5/,Constant 2017 dollars,44745
24,Maryland,pc_income,10, Per capita personal income 6/,Dollars,75476
24,Maryland,pc_disposable_income,11, Per capita disposable personal income 7/,Dollars,65342
24,Maryland,pc_pce,12, Per capita personal consumption expenditures (PCE) 8/,Dollars,55688
24,Maryland,rpp,13, Regional price parities (RPPs) 9/,Index,103.965
24,Maryland,price_deflator,14, Implicit regional price deflator 10/,Index,125.269
24,Maryland,total_employment,15, Total employment (number of jobs) ,Number of jobs,3986457
25,Massachusetts,real_gdp,1, Real GDP (millions of chained 2017 dollars) 1/,Millions of chained 2017 dollars,614786.1
25,Massachusetts,real_personal_income,2, Real personal income (millions of constant (2017) dollars) 2/,Millions of constant 2017 dollars,486679.8
25,Massachusetts,real_pce,3, Real PCE (millions of constant (2017) dollars) 3/,Millions of constant 2017 dollars,370964
25,Massachusetts,gdp_nominal,4, Gross domestic product (GDP) ,Millions of current dollars,737867.4
25,Massachusetts,personal_income_nominal,5, Personal income ,Millions of current dollars,635619.8
25,Massachusetts,disposable_income,6, Disposable personal income ,Millions of current dollars,539331.4
25,Massachusetts,pce_nominal,7, Personal consumption expenditures ,Millions of current dollars,483920.6
25,Massachusetts,real_pc_income,8, Real per capita personal income 4/,Constant 2017 dollars,69512
25,Massachusetts,real_pc_pce,9, Real per capita PCE 5/,Constant 2017 dollars,52984
25,Massachusetts,pc_income,10, Per capita personal income 6/,Dollars,89947
25,Massachusetts,pc_disposable_income,11, Per capita disposable personal income 7/,Dollars,76322
25,Massachusetts,pc_pce,12, Per capita personal consumption expenditures (PCE) 8/,Dollars,68480
25,Massachusetts,rpp,13, Regional price parities (RPPs) 9/,Index,108.238
25,Massachusetts,price_deflator,14, Implicit regional price deflator 10/,Index,130.418
25,Massachusetts,total_employment,15, Total employment (number of jobs) ,Number of jobs,5049464
26,Michigan,real_gdp,1, Real GDP (millions of chained 2017 dollars) 1/,Millions of chained 2017 dollars,554556.2
26,Michigan,real_personal_income,2, Real personal income (millions of constant (2017) dollars) 2/,Millions of constant 2017 dollars,541161.2
26,Michigan,real_pce,3, Real PCE (millions of constant (2017) dollars) 3/,Millions of constant 2017 dollars,461782.5
26,Michigan,gdp_nominal,4, Gross domestic product (GDP) ,Millions of current dollars,676030.8
26,Michigan,personal_income_nominal,5, Personal income ,Millions of current dollars,617163.2
26,Michigan,disposable_income,6, Disposable personal income ,Millions of current dollars,552236
26,Michigan,pce_nominal,7, Personal consumption expenditures ,Millions of current dollars,524552.9
26,Michigan,real_pc_income,8, Real per capita personal income 4/,Constant 2017 dollars,53915
26,Michigan,real_pc_pce,9, Real per capita PCE 5/,Constant 2017 dollars,46007
26,Michigan,pc_income,10, Per capita personal income 6/,Dollars,61206
26,Michigan,pc_disposable_income,11, Per capita disposable personal income 7/,Dollars,54767
26,Michigan,pc_pce,12, Per capita personal consumption expenditures (PCE) 8/,Dollars,52022
26,Michigan,rpp,13, Regional price parities (RPPs) 9/,Index,94.184
26,Michigan,price_deflator,14, Implicit regional price deflator 10/,Index,113.483
26,Michigan,total_employment,15, Total employment (number of jobs) ,Number of jobs,5938910
27,Minnesota,real_gdp,1, Real GDP (millions of chained 2017 dollars) 1/,Millions of chained 2017 dollars,389864.5
27,Minnesota,real_personal_income,2, Real personal income (millions of constant (2017) dollars) 2/,Millions of constant 2017 dollars,351314.1
27,Minnesota,real_pce,3, Real PCE (millions of constant (2017) dollars) 3/,Millions of constant 2017 dollars,273332.7
27,Minnesota,gdp_nominal,4, Gross domestic product (GDP) ,Millions of current dollars,483222
27,Minnesota,personal_income_nominal,5, Personal income ,Millions of current dollars,418091
27,Minnesota,disposable_income,6, Disposable personal income ,Millions of current dollars,365814.5
27,Minnesota,pce_nominal,7, Personal consumption expenditures ,Millions of current dollars,321165.8
27,Minnesota,real_pc_income,8, Real per capita personal income 4/,Constant 2017 dollars,61227
27,Minnesota,real_pc_pce,9, Real per capita PCE 5/,Constant 2017 dollars,47636
27,Minnesota,pc_income,10, Per capita personal income 6/,Dollars,72673
27,Minnesota,pc_disposable_income,11, Per capita disposable personal income 7/,Dollars,63586
27,Minnesota,pc_pce,12, Per capita personal consumption expenditures (PCE) 8/,Dollars,55825
27,Minnesota,rpp,13, Regional price parities (RPPs) 9/,Index,98.417
27,Minnesota,price_deflator,14, Implicit regional price deflator 10/,Index,118.584
27,Minnesota,total_employment,15, Total employment (number of jobs) ,Number of jobs,3887335
28,Mississippi,real_gdp,1, Real GDP (millions of chained 2017 dollars) 1/,Millions of chained 2017 dollars,119454.2
28,Mississippi,real_personal_income,2, Real personal income (millions of constant (2017) dollars) 2/,Millions of constant 2017 dollars,138867.1
28,Mississippi,real_pce,3, Real PCE (millions of constant (2017) dollars) 3/,Millions of constant 2017 dollars,117753
28,Mississippi,gdp_nominal,4, Gross domestic product (GDP) ,Millions of current dollars,151511.9
28,Mississippi,personal_income_nominal,5, Personal income ,Millions of current dollars,146160.9
28,Mississippi,disposable_income,6, Disposable personal income ,Millions of current dollars,134200.1
28,Mississippi,pce_nominal,7, Personal consumption expenditures ,Millions of current dollars,124062.8
28,Mississippi,real_pc_income,8, Real per capita personal income 4/,Constant 2017 dollars,47239
28,Mississippi,real_pc_pce,9, Real per capita PCE 5/,Constant 2017 dollars,40056
28,Mississippi,pc_income,10, Per capita personal income 6/,Dollars,49661
28,Mississippi,pc_disposable_income,11, Per capita disposable personal income 7/,Dollars,45597
28,Mississippi,pc_pce,12, Per capita personal consumption expenditures (PCE) 8/,Dollars,42153
28,Mississippi,rpp,13, Regional price parities (RPPs) 9/,Index,87.292
28,Mississippi,price_deflator,14, Implicit regional price deflator 10/,Index,105.179
28,Mississippi,total_employment,15, Total employment (number of jobs) ,Number of jobs,1703374
29,Missouri,real_gdp,1, Real GDP (millions of chained 2017 dollars) 1/,Millions of chained 2017 dollars,346895.3
29,Missouri,real_personal_income,2, Real personal income (millions of constant (2017) dollars) 2/,Millions of constant 2017 dollars,351069.4
29,Missouri,real_pce,3, Real PCE (millions of constant (2017) dollars) 3/,Millions of constant 2017 dollars,291956.8
29,Missouri,gdp_nominal,4, Gross domestic product (GDP) ,Millions of current dollars,428887.3
29,Missouri,personal_income_nominal,5, Personal income ,Millions of current dollars,387601.3
29,Missouri,disposable_income,6, Disposable personal income ,Millions of current dollars,347612.8
29,Missouri,pce_nominal,7, Personal consumption expenditures ,Millions of current dollars,324412.5
29,Missouri,real_pc_income,8, Real per capita personal income 4/,Constant 2017 dollars,56659
29,Missouri,real_pc_pce,9, Real per capita PCE 5/,Constant 2017 dollars,47119
29,Missouri,pc_income,10, Per capita personal income 6/,Dollars,62435
29,Missouri,pc_disposable_income,11, Per capita disposable personal income 7/,Dollars,55994
29,Missouri,pc_pce,12, Per capita personal consumption expenditures (PCE) 8/,Dollars,52257
29,Missouri,rpp,13, Regional price parities (RPPs) 9/,Index,91.762
29,Missouri,price_deflator,14, Implicit regional price deflator 10/,Index,110.566
29,Missouri,total_employment,15, Total employment (number of jobs) ,Number of jobs,3985694
30,Montana,real_gdp,1, Real GDP (millions of chained 2017 dollars) 1/,Millions of chained 2017 dollars,58604.9
30,Montana,real_personal_income,2, Real personal income (millions of constant (2017) dollars) 2/,Millions of constant 2017 dollars,67750.3
30,Montana,real_pce,3, Real PCE (millions of constant (2017) dollars) 3/,Millions of constant 2017 dollars,57573.7
30,Montana,gdp_nominal,4, Gross domestic product (GDP) ,Millions of current dollars,74690.3
30,Montana,personal_income_nominal,5, Personal income ,Millions of current dollars,74870.4
30,Montana,disposable_income,6, Disposable personal income ,Millions of current dollars,65665.9
30,Montana,pce_nominal,7, Personal consumption expenditures ,Millions of current dollars,62459.4
30,Montana,real_pc_income,8, Real per capita personal income 4/,Constant 2017 dollars,59807
30,Montana,real_pc_pce,9, Real per capita PCE 5/,Constant 2017 dollars,50824
30,Montana,pc_income,10, Per capita personal income 6/,Dollars,66181
30,Montana,pc_disposable_income,11, Per capita disposable personal income 7/,Dollars,58044
30,Montana,pc_pce,12, Per capita personal consumption expenditures (PCE) 8/,Dollars,55210
30,Montana,rpp,13, Regional price parities (RPPs) 9/,Index,90.244
30,Montana,price_deflator,14, Implicit regional price deflator 10/,Index,108.736
30,Montana,total_employment,15, Total employment (number of jobs) ,Number of jobs,760516
31,Nebraska,real_gdp,1, Real GDP (millions of chained 2017 dollars) 1/,Millions of chained 2017 dollars,147146.5
31,Nebraska,real_personal_income,2, Real personal income (millions of constant (2017) dollars) 2/,Millions of constant 2017 dollars,129707.2
31,Nebraska,real_pce,3, Real PCE (millions of constant (2017) dollars) 3/,Millions of constant 2017 dollars,94794.2
31,Nebraska,gdp_nominal,4, Gross domestic product (GDP) ,Millions of current dollars,183780.9
31,Nebraska,personal_income_nominal,5, Personal income ,Millions of current dollars,142166.5
31,Nebraska,disposable_income,6, Disposable personal income ,Millions of current dollars,128231.6
31,Nebraska,pce_nominal,7, Personal consumption expenditures ,Millions of current dollars,103648.8
31,Nebraska,real_pc_income,8, Real per capita personal income 4/,Constant 2017 dollars,65562
31,Nebraska,real_pc_pce,9, Real per capita PCE 5/,Constant 2017 dollars,47915
31,Nebraska,pc_income,10, Per capita personal income 6/,Dollars,71517
31,Nebraska,pc_disposable_income,11, Per capita disposable personal income 7/,Dollars,64507
31,Nebraska,pc_pce,12, Per capita personal consumption expenditures (PCE) 8/,Dollars,52141
31,Nebraska,rpp,13, Regional price parities (RPPs) 9/,Index,90.376
31,Nebraska,price_deflator,14, Implicit regional price deflator 10/,Index,108.895
31,Nebraska,total_employment,15, Total employment (number of jobs) ,Number of jobs,1396472
32,Nevada,real_gdp,1, Real GDP (millions of chained 2017 dollars) 1/,Millions of chained 2017 dollars,201158.6
32,Nevada,real_personal_income,2, Real personal income (millions of constant (2017) dollars) 2/,Millions of constant 2017 dollars,181182.9
32,Nevada,real_pce,3, Real PCE (millions of constant (2017) dollars) 3/,Millions of constant 2017 dollars,147757.5
32,Nevada,gdp_nominal,4, Gross domestic product (GDP) ,Millions of current dollars,253443.3
32,Nevada,personal_income_nominal,5, Personal income ,Millions of current dollars,214392.7
32,Nevada,disposable_income,6, Disposable personal income ,Millions of current dollars,190708.9
32,Nevada,pce_nominal,7, Personal consumption expenditures ,Millions of current dollars,172886.2
32,Nevada,real_pc_income,8, Real per capita personal income 4/,Constant 2017 dollars,56723
32,Nevada,real_pc_pce,9, Real per capita PCE 5/,Constant 2017 dollars,46258
32,Nevada,pc_income,10, Per capita personal income 6/,Dollars,66698
32,Nevada,pc_disposable_income,11, Per capita disposable personal income 7/,Dollars,59330
32,Nevada,pc_pce,12, Per capita personal consumption expenditures (PCE) 8/,Dollars,53786
32,Nevada,rpp,13, Regional price parities (RPPs) 9/,Index,96.98
32,Nevada,price_deflator,14, Implicit regional price deflator 10/,Index,116.852
32,Nevada,total_employment,15, Total employment (number of jobs) ,Number of jobs,2123253
33,New Hampshire,real_gdp,1, Real GDP (millions of chained 2017 dollars) 1/,Millions of chained 2017 dollars,93645.8
33,New Hampshire,real_personal_income,2, Real personal income (millions of constant (2017) dollars) 2/,Millions of constant 2017 dollars,87257.7
33,New Hampshire,real_pce,3, Real PCE (millions of constant (2017) dollars) 3/,Millions of constant 2017 dollars,72800.3
33,New Hampshire,gdp_nominal,4, Gross domestic product (GDP) ,Millions of current dollars,114427.8
33,New Hampshire,personal_income_nominal,5, Personal income ,Millions of current dollars,111148.6
33,New Hampshire,disposable_income,6, Disposable personal income ,Millions of current dollars,98706.1
33,New Hampshire,pce_nominal,7, Personal consumption expenditures ,Millions of current dollars,91685.2
33,New Hampshire,real_pc_income,8, Real per capita personal income 4/,Constant 2017 dollars,62236
33,New Hampshire,real_pc_pce,9, Real per capita PCE 5/,Constant 2017 dollars,51924
33,New Hampshire,pc_income,10, Per capita personal income 6/,Dollars,79267
33,New Hampshire,pc_disposable_income,11, Per capita disposable personal income 7/,Dollars,70394
33,New Hampshire,pc_pce,12, Per capita personal consumption expenditures (PCE) 8/,Dollars,65387
33,New Hampshire,rpp,13, Regional price parities (RPPs) 9/,Index,105.345
33,New Hampshire,price_deflator,14, Implicit regional price deflator 10/,Index,126.931
33,New Hampshire,total_employment,15, Total employment (number of jobs) ,Number of jobs,942052
34,New Jersey,real_gdp,1, Real GDP (millions of chained 2017 dollars) 1/,Millions of chained 2017 dollars,662320.1
34,New Jersey,real_personal_income,2, Real personal income (millions of constant (2017) dollars) 2/,Millions of constant 2017 dollars,581816.4
34,New Jersey,real_pce,3, Real PCE (millions of constant (2017) dollars) 3/,Millions of constant 2017 dollars,451912
34,New Jersey,gdp_nominal,4, Gross domestic product (GDP) ,Millions of current dollars,806894
34,New Jersey,personal_income_nominal,5, Personal income ,Millions of current dollars,765228.3
34,New Jersey,disposable_income,6, Disposable personal income ,Millions of current dollars,661017.9
34,New Jersey,pce_nominal,7, Personal consumption expenditures ,Millions of current dollars,593447
34,New Jersey,real_pc_income,8, Real per capita personal income 4/,Constant 2017 dollars,62623
34,New Jersey,real_pc_pce,9, Real per capita PCE 5/,Constant 2017 dollars,48641
34,New Jersey,pc_income,10, Per capita personal income 6/,Dollars,81584
34,New Jersey,pc_disposable_income,11, Per capita disposable personal income 7/,Dollars,70474
34,New Jersey,pc_pce,12, Per capita personal consumption expenditures (PCE) 8/,Dollars,63270
34,New Jersey,rpp,13, Regional price parities (RPPs) 9/,Index,108.883
34,New Jersey,price_deflator,14, Implicit regional price deflator 10/,Index,131.194
34,New Jersey,total_employment,15, Total employment (number of jobs) ,Number of jobs,6055271
35,New Mexico,real_gdp,1, Real GDP (millions of chained 2017 dollars) 1/,Millions of chained 2017 dollars,114059.2
35,New Mexico,real_personal_income,2, Real personal income (millions of constant (2017) dollars) 2/,Millions of constant 2017 dollars,107517.6
35,New Mexico,real_pce,3, Real PCE (millions of constant (2017) dollars) 3/,Millions of constant 2017 dollars,89453.5
35,New Mexico,gdp_nominal,4, Gross domestic product (GDP) ,Millions of current dollars,138526
35,New Mexico,personal_income_nominal,5, Personal income ,Millions of current dollars,117634.3
35,New Mexico,disposable_income,6, Disposable personal income ,Millions of current dollars,106657.9
35,New Mexico,pce_nominal,7, Personal consumption expenditures ,Millions of current dollars,97745.6
35,New Mexico,real_pc_income,8, Real per capita personal income 4/,Constant 2017 dollars,50851
35,New Mexico,real_pc_pce,9, Real per capita PCE 5/,Constant 2017 dollars,42307
35,New Mexico,pc_income,10, Per capita personal income 6/,Dollars,55457
35,New Mexico,pc_disposable_income,11, Per capita disposable personal income 7/,Dollars,50283
35,New Mexico,pc_pce,12, Per capita personal consumption expenditures (PCE) 8/,Dollars,46081
35,New Mexico,rpp,13, Regional price parities (RPPs) 9/,Index,90.386
35,New Mexico,price_deflator,14, Implicit regional price deflator 10/,Index,108.907
35,New Mexico,total_employment,15, Total employment (number of jobs) ,Number of jobs,1168737
36,New York,real_gdp,1, Real GDP (millions of chained 2017 dollars) 1/,Millions of chained 2017 dollars,1793384.5
36,New York,real_personal_income,2, Real personal income (millions of constant (2017) dollars) 2/,Millions of constant 2017 dollars,1243245.6
36,New York,real_pce,3, Real PCE (millions of constant (2017) dollars) 3/,Millions of constant 2017 dollars,962482.2
36,New York,gdp_nominal,4, Gross domestic product (GDP) ,Millions of current dollars,2182549
36,New York,personal_income_nominal,5, Personal income ,Millions of current dollars,1617130.9
36,New York,disposable_income,6, Disposable personal income ,Millions of current dollars,1359258.8
36,New York,pce_nominal,7, Personal consumption expenditures ,Millions of current dollars,1248430.3
36,New York,real_pc_income,8, Real per capita personal income 4/,Constant 2017 dollars,63524
36,New York,real_pc_pce,9, Real per capita PCE 5/,Constant 2017 dollars,49178
36,New York,pc_income,10, Per capita personal income 6/,Dollars,81932
36,New York,pc_disposable_income,11, Per capita disposable personal income 7/,Dollars,68867
36,New York,pc_pce,12, Per capita personal consumption expenditures (PCE) 8/,Dollars,63252
36,New York,rpp,13, Regional price parities (RPPs) 9/,Index,107.626
36,New York,price_deflator,14, Implicit regional price deflator 10/,Index,129.68
36,New York,total_employment,15, Total employment (number of jobs) ,Number of jobs,13181774
37,North Carolina,real_gdp,1, Real GDP (millions of chained 2017 dollars) 1/,Millions of chained 2017 dollars,643045.8
37,North Carolina,real_personal_income,2, Real personal income (millions of constant (2017) dollars) 2/,Millions of constant 2017 dollars,591116.5
37,North Carolina,real_pce,3, Real PCE (millions of constant (2017) dollars) 3/,Millions of constant 2017 dollars,487960.5
37,North Carolina,gdp_nominal,4, Gross domestic product (GDP) ,Millions of current dollars,794838
37,North Carolina,personal_income_nominal,5, Personal income ,Millions of current dollars,677170.4
37,North Carolina,disposable_income,6, Disposable personal income ,Millions of current dollars,600963.6
37,North Carolina,pce_nominal,7, Personal consumption expenditures ,Millions of current dollars,555286.7
37,North Carolina,real_pc_income,8, Real per capita personal income 4/,Constant 2017 dollars,54554
37,North Carolina,real_pc_pce,9, Real per capita PCE 5/,Constant 2017 dollars,45034
37,North Carolina,pc_income,10, Per capita personal income 6/,Dollars,62233
37,North Carolina,pc_disposable_income,11, Per capita disposable personal income 7/,Dollars,55230
37,North Carolina,pc_pce,12, Per capita personal consumption expenditures (PCE) 8/,Dollars,51032
37,North Carolina,rpp,13, Regional price parities (RPPs) 9/,Index,94.139
37,North Carolina,price_deflator,14, Implicit regional price deflator 10/,Index,113.429
37,North Carolina,total_employment,15, Total employment (number of jobs) ,Number of jobs,6762704
38,North Dakota,real_gdp,1, Real GDP (millions of chained 2017 dollars) 1/,Millions of chained 2017 dollars,62114.7
38,North Dakota,real_personal_income,2, Real personal income (millions of constant (2017) dollars) 2/,Millions of constant 2017 dollars,52953.2
38,North Dakota,real_pce,3, Real PCE (millions of constant (2017) dollars) 3/,Millions of constant 2017 dollars,40973.4
38,North Dakota,gdp_nominal,4, Gross domestic product (GDP) ,Millions of current dollars,77898.1
38,North Dakota,personal_income_nominal,5, Personal income ,Millions of current dollars,56452.5
38,North Dakota,disposable_income,6, Disposable personal income ,Millions of current dollars,51195.9
38,North Dakota,pce_nominal,7, Personal consumption expenditures ,Millions of current dollars,44219.1
38,North Dakota,real_pc_income,8, Real per capita personal income 4/,Constant 2017 dollars,67549
38,North Dakota,real_pc_pce,9, Real per capita PCE 5/,Constant 2017 dollars,52267
38,North Dakota,pc_income,10, Per capita personal income 6/,Dollars,71545
38,North Dakota,pc_disposable_income,11, Per capita disposable personal income 7/,Dollars,64883
38,North Dakota,pc_pce,12, Per capita personal consumption expenditures (PCE) 8/,Dollars,56041
38,North Dakota,rpp,13, Regional price parities (RPPs) 9/,Index,88.572
38,North Dakota,price_deflator,14, Implicit regional price deflator 10/,Index,106.722
38,North Dakota,total_employment,15, Total employment (number of jobs) ,Number of jobs,597884
39,Ohio,real_gdp,1, Real GDP (millions of chained 2017 dollars) 1/,Millions of chained 2017 dollars,707996.2
39,Ohio,real_personal_income,2, Real personal income (millions of constant (2017) dollars) 2/,Millions of constant 2017 dollars,655601.6
39,Ohio,real_pce,3, Real PCE (millions of constant (2017) dollars) 3/,Millions of constant 2017 dollars,538903.7
39,Ohio,gdp_nominal,4, Gross domestic product (GDP) ,Millions of current dollars,883957.1
39,Ohio,personal_income_nominal,5, Personal income ,Millions of current dollars,730013.2
39,Ohio,disposable_income,6, Disposable personal income ,Millions of current dollars,653295.7
39,Ohio,pce_nominal,7, Personal consumption expenditures ,Millions of current dollars,596661.5
39,Ohio,real_pc_income,8, Real per capita personal income 4/,Constant 2017 dollars,55626
39,Ohio,real_pc_pce,9, Real per capita PCE 5/,Constant 2017 dollars,45724
39,Ohio,pc_income,10, Per capita personal income 6/,Dollars,61740
39,Ohio,pc_disposable_income,11, Per capita disposable personal income 7/,Dollars,55252
39,Ohio,pc_pce,12, Per capita personal consumption expenditures (PCE) 8/,Dollars,50462
39,Ohio,rpp,13, Regional price parities (RPPs) 9/,Index,91.812
39,Ohio,price_deflator,14, Implicit regional price deflator 10/,Index,110.625
39,Ohio,total_employment,15, Total employment (number of jobs) ,Number of jobs,7368050
40,Oklahoma,real_gdp,1, Real GDP (millions of chained 2017 dollars) 1/,Millions of chained 2017 dollars,207072.7
40,Oklahoma,real_personal_income,2, Real personal income (millions of constant (2017) dollars) 2/,Millions of constant 2017 dollars,230879.7
40,Oklahoma,real_pce,3, Real PCE (millions of constant (2017) dollars) 3/,Millions of constant 2017 dollars,169192.3
40,Oklahoma,gdp_nominal,4, Gross domestic product (GDP) ,Millions of current dollars,255933.2
40,Oklahoma,personal_income_nominal,5, Personal income ,Millions of current dollars,247300.5
40,Oklahoma,disposable_income,6, Disposable personal income ,Millions of current dollars,226241.7
40,Oklahoma,pce_nominal,7, Personal consumption expenditures ,Millions of current dollars,180517.6
40,Oklahoma,real_pc_income,8, Real per capita personal income 4/,Constant 2017 dollars,56954
40,Oklahoma,real_pc_pce,9, Real per capita PCE 5/,Constant 2017 dollars,41736
40,Oklahoma,pc_income,10, Per capita personal income 6/,Dollars,60853
40,Oklahoma,pc_disposable_income,11, Per capita disposable personal income 7/,Dollars,55671
40,Oklahoma,pc_pce,12, Per capita personal consumption expenditures (PCE) 8/,Dollars,44420
40,Oklahoma,rpp,13, Regional price parities (RPPs) 9/,Index,88.286
40,Oklahoma,price_deflator,14, Implicit regional price deflator 10/,Index,106.377
40,Oklahoma,total_employment,15, Total employment (number of jobs) ,Number of jobs,2450387
41,Oregon,real_gdp,1, Real GDP (millions of chained 2017 dollars) 1/,Millions of chained 2017 dollars,258023.4
41,Oregon,real_personal_income,2, Real personal income (millions of constant (2017) dollars) 2/,Millions of constant 2017 dollars,227750
41,Oregon,real_pce,3, Real PCE (millions of constant (2017) dollars) 3/,Millions of constant 2017 dollars,185908.5
41,Oregon,gdp_nominal,4, Gross domestic product (GDP) ,Millions of current dollars,314895
41,Oregon,personal_income_nominal,5, Personal income ,Millions of current dollars,286979.9
41,Oregon,disposable_income,6, Disposable personal income ,Millions of current dollars,251235.6
41,Oregon,pce_nominal,7, Personal consumption expenditures ,Millions of current dollars,236306
41,Oregon,real_pc_income,8, Real per capita personal income 4/,Constant 2017 dollars,53799
41,Oregon,real_pc_pce,9, Real per capita PCE 5/,Constant 2017 dollars,43915
41,Oregon,pc_income,10, Per capita personal income 6/,Dollars,67467
41,Oregon,pc_disposable_income,11, Per capita disposable personal income 7/,Dollars,59063
41,Oregon,pc_pce,12, Per capita personal consumption expenditures (PCE) 8/,Dollars,55554
41,Oregon,rpp,13, Regional price parities (RPPs) 9/,Index,104.721
41,Oregon,price_deflator,14, Implicit regional price deflator 10/,Index,126.179
41,Oregon,total_employment,15, Total employment (number of jobs) ,Number of jobs,2683848
42,Pennsylvania,real_gdp,1, Real GDP (millions of chained 2017 dollars) 1/,Millions of chained 2017 dollars,789918.5
42,Pennsylvania,real_personal_income,2, Real personal income (millions of constant (2017) dollars) 2/,Millions of constant 2017 dollars,761197
42,Pennsylvania,real_pce,3, Real PCE (millions of constant (2017) dollars) 3/,Millions of constant 2017 dollars,628991.9
42,Pennsylvania,gdp_nominal,4, Gross domestic product (GDP) ,Millions of current dollars,966444
42,Pennsylvania,personal_income_nominal,5, Personal income ,Millions of current dollars,885950
42,Pennsylvania,disposable_income,6, Disposable personal income ,Millions of current dollars,781456.8
42,Pennsylvania,pce_nominal,7, Personal consumption expenditures ,Millions of current dollars,737727.4
42,Pennsylvania,real_pc_income,8, Real per capita personal income 4/,Constant 2017 dollars,58727
42,Pennsylvania,real_pc_pce,9, Real per capita PCE 5/,Constant 2017 dollars,48527
42,Pennsylvania,pc_income,10, Per capita personal income 6/,Dollars,68057
42,Pennsylvania,pc_disposable_income,11, Per capita disposable personal income 7/,Dollars,60030
42,Pennsylvania,pc_pce,12, Per capita personal consumption expenditures (PCE) 8/,Dollars,56671
42,Pennsylvania,rpp,13, Regional price parities (RPPs) 9/,Index,97.5
42,Pennsylvania,price_deflator,14, Implicit regional price deflator 10/,Index,117.478
42,Pennsylvania,total_employment,15, Total employment (number of jobs) ,Number of jobs,8080499
44,Rhode Island,real_gdp,1, Real GDP (millions of chained 2017 dollars) 1/,Millions of chained 2017 dollars,62119.3
44,Rhode Island,real_personal_income,2, Real personal income (millions of constant (2017) dollars) 2/,Millions of constant 2017 dollars,60638.1
44,Rhode Island,real_pce,3, Real PCE (millions of constant (2017) dollars) 3/,Millions of constant 2017 dollars,50197.9
44,Rhode Island,gdp_nominal,4, Gross domestic product (GDP) ,Millions of current dollars,76313.5
44,Rhode Island,personal_income_nominal,5, Personal income ,Millions of current dollars,74777.8
44,Rhode Island,disposable_income,6, Disposable personal income ,Millions of current dollars,66032.3
44,Rhode Island,pce_nominal,7, Personal consumption expenditures ,Millions of current dollars,61014.8
44,Rhode Island,real_pc_income,8, Real per capita personal income 4/,Constant 2017 dollars,55329
44,Rhode Island,real_pc_pce,9, Real per capita PCE 5/,Constant 2017 dollars,45803
44,Rhode Island,pc_income,10, Per capita personal income 6/,Dollars,67769
44,Rhode Island,pc_disposable_income,11, Per capita disposable personal income 7/,Dollars,59843
44,Rhode Island,pc_pce,12, Per capita personal consumption expenditures (PCE) 8/,Dollars,55296
44,Rhode Island,rpp,13, Regional price parities (RPPs) 9/,Index,101.412
44,Rhode Island,price_deflator,14, Implicit regional price deflator 10/,Index,122.192
44,Rhode Island,total_employment,15, Total employment (number of jobs) ,Number of jobs,682890
45,South Carolina,real_gdp,1, Real GDP (millions of chained 2017 dollars) 1/,Millions of chained 2017 dollars,266037.8
45,South Carolina,real_personal_income,2, Real personal income (millions of constant (2017) dollars) 2/,Millions of constant 2017 dollars,274590.5
45,South Carolina,real_pce,3, Real PCE (millions of constant (2017) dollars) 3/,Millions of constant 2017 dollars,235731.9
45,South Carolina,gdp_nominal,4, Gross domestic product (GDP) ,Millions of current dollars,332946.8
45,South Carolina,personal_income_nominal,5, Personal income ,Millions of current dollars,311235.5
45,South Carolina,disposable_income,6, Disposable personal income ,Millions of current dollars,278253.4
45,South Carolina,pce_nominal,7, Personal consumption expenditures ,Millions of current dollars,265327.3
45,South Carolina,real_pc_income,8, Real per capita personal income 4/,Constant 2017 dollars,51100
45,South Carolina,real_pc_pce,9, Real per capita PCE 5/,Constant 2017 dollars,43869
45,South Carolina,pc_income,10, Per capita personal income 6/,Dollars,57766
45,South Carolina,pc_disposable_income,11, Per capita disposable personal income 7/,Dollars,51645
45,South Carolina,pc_pce,12, Per capita personal consumption expenditures (PCE) 8/,Dollars,49246
45,South Carolina,rpp,13, Regional price parities (RPPs) 9/,Index,93.177
45,South Carolina,price_deflator,14, Implicit regional price deflator 10/,Index,112.27
45,South Carolina,total_employment,15, Total employment (number of jobs) ,Number of jobs,3163255
46,South Dakota,real_gdp,1, Real GDP (millions of chained 2017 dollars) 1/,Millions of chained 2017 dollars,57253
46,South Dakota,real_personal_income,2, Real personal income (millions of constant (2017) dollars) 2/,Millions of constant 2017 dollars,62803.6
46,South Dakota,real_pce,3, Real PCE (millions of constant (2017) dollars) 3/,Millions of constant 2017 dollars,45151.6
46,South Dakota,gdp_nominal,4, Gross domestic product (GDP) ,Millions of current dollars,74458.8
46,South Dakota,personal_income_nominal,5, Personal income ,Millions of current dollars,68097
46,South Dakota,disposable_income,6, Disposable personal income ,Millions of current dollars,62566
46,South Dakota,pce_nominal,7, Personal consumption expenditures ,Millions of current dollars,47593.1
46,South Dakota,real_pc_income,8, Real per capita personal income 4/,Constant 2017 dollars,68315
46,South Dakota,real_pc_pce,9, Real per capita PCE 5/,Constant 2017 dollars,49114
46,South Dakota,pc_income,10, Per capita personal income 6/,Dollars,74155
46,South Dakota,pc_disposable_income,11, Per capita disposable personal income 7/,Dollars,68132
46,South Dakota,pc_pce,12, Per capita personal consumption expenditures (PCE) 8/,Dollars,51827
46,South Dakota,rpp,13, Regional price parities (RPPs) 9/,Index,88.095
46,South Dakota,price_deflator,14, Implicit regional price deflator 10/,Index,106.146
46,South Dakota,total_employment,15, Total employment (number of jobs) ,Number of jobs,657822
47,Tennessee,real_gdp,1, Real GDP (millions of chained 2017 dollars) 1/,Millions of chained 2017 dollars,428276.1
47,Tennessee,real_personal_income,2, Real personal income (millions of constant (2017) dollars) 2/,Millions of constant 2017 dollars,398094.7
47,Tennessee,real_pce,3, Real PCE (millions of constant (2017) dollars) 3/,Millions of constant 2017 dollars,315346.2
47,Tennessee,gdp_nominal,4, Gross domestic product (GDP) ,Millions of current dollars,531246.8
47,Tennessee,personal_income_nominal,5, Personal income ,Millions of current dollars,453765.7
47,Tennessee,disposable_income,6, Disposable personal income ,Millions of current dollars,415133.5
47,Tennessee,pce_nominal,7, Personal consumption expenditures ,Millions of current dollars,352425.8
47,Tennessee,real_pc_income,8, Real per capita personal income 4/,Constant 2017 dollars,55861
47,Tennessee,real_pc_pce,9, Real per capita PCE 5/,Constant 2017 dollars,44250
47,Tennessee,pc_income,10, Per capita personal income 6/,Dollars,63479
47,Tennessee,pc_disposable_income,11, Per capita disposable personal income 7/,Dollars,58074
47,Tennessee,pc_pce,12, Per capita personal consumption expenditures (PCE) 8/,Dollars,49302
47,Tennessee,rpp,13, Regional price parities (RPPs) 9/,Index,92.515
47,Tennessee,price_deflator,14, Implicit regional price deflator 10/,Index,111.473
47,Tennessee,total_employment,15, Total employment (number of jobs) ,Number of jobs,4625521
48,Texas,real_gdp,1, Real GDP (millions of chained 2017 dollars) 1/,Millions of chained 2017 dollars,2137536.7
48,Texas,real_personal_income,2, Real personal income (millions of constant (2017) dollars) 2/,Millions of constant 2017 dollars,1727121.3
48,Texas,real_pce,3, Real PCE (millions of constant (2017) dollars) 3/,Millions of constant 2017 dollars,1362468.3
48,Texas,gdp_nominal,4, Gross domestic product (GDP) ,Millions of current dollars,2637237.6
48,Texas,personal_income_nominal,5, Personal income ,Millions of current dollars,2074225.2
48,Texas,disposable_income,6, Disposable personal income ,Millions of current dollars,1873914.6
48,Texas,pce_nominal,7, Personal consumption expenditures ,Millions of current dollars,1594718.5
48,Texas,real_pc_income,8, Real per capita personal income 4/,Constant 2017 dollars,56621
48,Texas,real_pc_pce,9, Real per capita PCE 5/,Constant 2017 dollars,44666
48,Texas,pc_income,10, Per capita personal income 6/,Dollars,67503
48,Texas,pc_disposable_income,11, Per capita disposable personal income 7/,Dollars,60984
48,Texas,pc_pce,12, Per capita personal consumption expenditures (PCE) 8/,Dollars,51898
48,Texas,rpp,13, Regional price parities (RPPs) 9/,Index,97.175
48,Texas,price_deflator,14, Implicit regional price deflator 10/,Index,117.087
48,Texas,total_employment,15, Total employment (number of jobs) ,Number of jobs,20279609
49,Utah,real_gdp,1, Real GDP (millions of chained 2017 dollars) 1/,Millions of chained 2017 dollars,226322.1
49,Utah,real_personal_income,2, Real personal income (millions of constant (2017) dollars) 2/,Millions of constant 2017 dollars,191734.1
49,Utah,real_pce,3, Real PCE (millions of constant (2017) dollars) 3/,Millions of constant 2017 dollars,152351.2
49,Utah,gdp_nominal,4, Gross domestic product (GDP) ,Millions of current dollars,283230.8
49,Utah,personal_income_nominal,5, Personal income ,Millions of current dollars,222237.8
49,Utah,disposable_income,6, Disposable personal income ,Millions of current dollars,196522.9
49,Utah,pce_nominal,7, Personal consumption expenditures ,Millions of current dollars,174050.1
49,Utah,real_pc_income,8, Real per capita personal income 4/,Constant 2017 dollars,56100
49,Utah,real_pc_pce,9, Real per capita PCE 5/,Constant 2017 dollars,44577
49,Utah,pc_income,10, Per capita personal income 6/,Dollars,64544
49,Utah,pc_disposable_income,11, Per capita disposable personal income 7/,Dollars,57075
49,Utah,pc_pce,12, Per capita personal consumption expenditures (PCE) 8/,Dollars,50549
49,Utah,rpp,13, Regional price parities (RPPs) 9/,Index,95.002
49,Utah,price_deflator,14, Implicit regional price deflator 10/,Index,114.47
49,Utah,total_employment,15, Total employment (number of jobs) ,Number of jobs,2414466
50,Vermont,real_gdp,1, Real GDP (millions of chained 2017 dollars) 1/,Millions of chained 2017 dollars,35499.4
50,Vermont,real_personal_income,2, Real personal income (millions of constant (2017) dollars) 2/,Millions of constant 2017 dollars,37243
50,Vermont,real_pce,3, Real PCE (millions of constant (2017) dollars) 3/,Millions of constant 2017 dollars,32784.2
50,Vermont,gdp_nominal,4, Gross domestic product (GDP) ,Millions of current dollars,43931.6
50,Vermont,personal_income_nominal,5, Personal income ,Millions of current dollars,44058.6
50,Vermont,disposable_income,6, Disposable personal income ,Millions of current dollars,39137.1
50,Vermont,pce_nominal,7, Personal consumption expenditures ,Millions of current dollars,38423.1
50,Vermont,real_pc_income,8, Real per capita personal income 4/,Constant 2017 dollars,57521
50,Vermont,real_pc_pce,9, Real per capita PCE 5/,Constant 2017 dollars,50635
50,Vermont,pc_income,10, Per capita personal income 6/,Dollars,67918
50,Vermont,pc_disposable_income,11, Per capita disposable personal income 7/,Dollars,60331
50,Vermont,pc_pce,12, Per capita personal consumption expenditures (PCE) 8/,Dollars,59230
50,Vermont,rpp,13, Regional price parities (RPPs) 9/,Index,96.635
50,Vermont,price_deflator,14, Implicit regional price deflator 10/,Index,116.437
50,Vermont,total_employment,15, Total employment (number of jobs) ,Number of jobs,440495
51,Virginia,real_gdp,1, Real GDP (millions of chained 2017 dollars) 1/,Millions of chained 2017 dollars,599261
51,Virginia,real_personal_income,2, Real personal income (millions of constant (2017) dollars) 2/,Millions of constant 2017 dollars,530512.8
51,Virginia,real_pce,3, Real PCE (millions of constant (2017) dollars) 3/,Millions of constant 2017 dollars,400453.6
51,Virginia,gdp_nominal,4, Gross domestic product (GDP) ,Millions of current dollars,722767.4
51,Virginia,personal_income_nominal,5, Personal income ,Millions of current dollars,645405.9
51,Virginia,disposable_income,6, Disposable personal income ,Millions of current dollars,563904.3
51,Virginia,pce_nominal,7, Personal consumption expenditures ,Millions of current dollars,486636.5
51,Virginia,real_pc_income,8, Real per capita personal income 4/,Constant 2017 dollars,60869
51,Virginia,real_pc_pce,9, Real per capita PCE 5/,Constant 2017 dollars,45946
51,Virginia,pc_income,10, Per capita personal income 6/,Dollars,73890
51,Virginia,pc_disposable_income,11, Per capita disposable personal income 7/,Dollars,64559
51,Virginia,pc_pce,12, Per capita personal consumption expenditures (PCE) 8/,Dollars,55713
51,Virginia,rpp,13, Regional price parities (RPPs) 9/,Index,100.749
51,Virginia,price_deflator,14, Implicit regional price deflator 10/,Index,121.393
51,Virginia,total_employment,15, Total employment (number of jobs) ,Number of jobs,5716975
53,Washington,real_gdp,1, Real GDP (millions of chained 2017 dollars) 1/,Millions of chained 2017 dollars,670977.8
53,Washington,real_personal_income,2, Real personal income (millions of constant (2017) dollars) 2/,Millions of constant 2017 dollars,483701.5
53,Washington,real_pce,3, Real PCE (millions of constant (2017) dollars) 3/,Millions of constant 2017 dollars,361524.8
53,Washington,gdp_nominal,4, Gross domestic product (GDP) ,Millions of current dollars,801455.5
53,Washington,personal_income_nominal,5, Personal income ,Millions of current dollars,637129.4
53,Washington,disposable_income,6, Disposable personal income ,Millions of current dollars,568411.8
53,Washington,pce_nominal,7, Personal consumption expenditures ,Millions of current dollars,472272.7
53,Washington,real_pc_income,8, Real per capita personal income 4/,Constant 2017 dollars,61911
53,Washington,real_pc_pce,9, Real per capita PCE 5/,Constant 2017 dollars,46273
53,Washington,pc_income,10, Per capita personal income 6/,Dollars,81087
53,Washington,pc_disposable_income,11, Per capita disposable personal income 7/,Dollars,72342
53,Washington,pc_pce,12, Per capita personal consumption expenditures (PCE) 8/,Dollars,60106
53,Washington,rpp,13, Regional price parities (RPPs) 9/,Index,108.562
53,Washington,price_deflator,14, Implicit regional price deflator 10/,Index,130.807
53,Washington,total_employment,15, Total employment (number of jobs) ,Number of jobs,4868377
54,West Virginia,real_gdp,1, Real GDP (millions of chained 2017 dollars) 1/,Millions of chained 2017 dollars,80364.9
54,West Virginia,real_personal_income,2, Real personal income (millions of constant (2017) dollars) 2/,Millions of constant 2017 dollars,86502.1
54,West Virginia,real_pce,3, Real PCE (millions of constant (2017) dollars) 3/,Millions of constant 2017 dollars,77874.9
54,West Virginia,gdp_nominal,4, Gross domestic product (GDP) ,Millions of current dollars,101479.9
54,West Virginia,personal_income_nominal,5, Personal income ,Millions of current dollars,93771
54,West Virginia,disposable_income,6, Disposable personal income ,Millions of current dollars,85283.9
54,West Virginia,pce_nominal,7, Personal consumption expenditures ,Millions of current dollars,84627.3
54,West Virginia,real_pc_income,8, Real per capita personal income 4/,Constant 2017 dollars,48869
54,West Virginia,real_pc_pce,9, Real per capita PCE 5/,Constant 2017 dollars,43995
54,West Virginia,pc_income,10, Per capita personal income 6/,Dollars,52963
54,West Virginia,pc_disposable_income,11, Per capita disposable personal income 7/,Dollars,48170
54,West Virginia,pc_pce,12, Per capita personal consumption expenditures (PCE) 8/,Dollars,47799
54,West Virginia,rpp,13, Regional price parities (RPPs) 9/,Index,89.772
54,West Virginia,price_deflator,14, Implicit regional price deflator 10/,Index,108.167
54,West Virginia,total_employment,15, Total employment (number of jobs) ,Number of jobs,904532
55,Wisconsin,real_gdp,1, Real GDP (millions of chained 2017 dollars) 1/,Millions of chained 2017 dollars,347108.2
55,Wisconsin,real_personal_income,2, Real personal income (millions of constant (2017) dollars) 2/,Millions of constant 2017 dollars,342612.8
55,Wisconsin,real_pce,3, Real PCE (millions of constant (2017) dollars) 3/,Millions of constant 2017 dollars,277136.9
55,Wisconsin,gdp_nominal,4, Gross domestic product (GDP) ,Millions of current dollars,431913.9
55,Wisconsin,personal_income_nominal,5, Personal income ,Millions of current dollars,384719.8
55,Wisconsin,disposable_income,6, Disposable personal income ,Millions of current dollars,341208.9
55,Wisconsin,pce_nominal,7, Personal consumption expenditures ,Millions of current dollars,310911
55,Wisconsin,real_pc_income,8, Real per capita personal income 4/,Constant 2017 dollars,57962
55,Wisconsin,real_pc_pce,9, Real per capita PCE 5/,Constant 2017 dollars,46885
55,Wisconsin,pc_income,10, Per capita personal income 6/,Dollars,64872
55,Wisconsin,pc_disposable_income,11, Per capita disposable personal income 7/,Dollars,57536
55,Wisconsin,pc_pce,12, Per capita personal consumption expenditures (PCE) 8/,Dollars,52427
55,Wisconsin,rpp,13, Regional price parities (RPPs) 9/,Index,93.097
55,Wisconsin,price_deflator,14, Implicit regional price deflator 10/,Index,112.174
55,Wisconsin,total_employment,15, Total employment (number of jobs) ,Number of jobs,3841837
56,Wyoming,real_gdp,1, Real GDP (millions of chained 2017 dollars) 1/,Millions of chained 2017 dollars,39843.2
56,Wyoming,real_personal_income,2, Real personal income (millions of constant (2017) dollars) 2/,Millions of constant 2017 dollars,43813
56,Wyoming,real_pce,3, Real PCE (millions of constant (2017) dollars) 3/,Millions of constant 2017 dollars,30381.5
56,Wyoming,gdp_nominal,4, Gross domestic product (GDP) ,Millions of current dollars,51350.1
56,Wyoming,personal_income_nominal,5, Personal income ,Millions of current dollars,48583
56,Wyoming,disposable_income,6, Disposable personal income ,Millions of current dollars,43543.9
56,Wyoming,pce_nominal,7, Personal consumption expenditures ,Millions of current dollars,33104.2
56,Wyoming,real_pc_income,8, Real per capita personal income 4/,Constant 2017 dollars,75015
56,Wyoming,real_pc_pce,9, Real per capita PCE 5/,Constant 2017 dollars,52018
56,Wyoming,pc_income,10, Per capita personal income 6/,Dollars,83038
56,Wyoming,pc_disposable_income,11, Per capita disposable personal income 7/,Dollars,74426
56,Wyoming,pc_pce,12, Per capita personal consumption expenditures (PCE) 8/,Dollars,56582
56,Wyoming,rpp,13, Regional price parities (RPPs) 9/,Index,90.848
56,Wyoming,price_deflator,14, Implicit regional price deflator 10/,Index,109.464
56,Wyoming,total_employment,15, Total employment (number of jobs) ,Number of jobs,449620
